start5_mean,start10_mean,start15_mean,start20_mean,start25_mean,start30_mean,start35_mean,start40_mean,start5_sd,start10_sd,start15_sd,start20_sd,start25_sd,start30_sd,start35_sd,start40_sd
0.321209974,0.294753316,0.277460937,0.262027801,0.241308284,0.223119723,0.205147014,0.18377658,0.027742974,0.023124911,0.023272066,0.021414947,0.024523566,0.021860789,0.02126199,0.020506223
0.314501651,0.291608783,0.274363911,0.256551621,0.238021963,0.222322794,0.200950877,0.180906812,0.025989104,0.021820945,0.023480373,0.021505572,0.02286672,0.019487326,0.023663054,0.025017698
0.31126098,0.2867608,0.273043781,0.255026054,0.237009744,0.217239037,0.198125407,0.179995975,0.024612031,0.023367504,0.022344129,0.019335534,0.01936955,0.021188363,0.021366476,0.026147014
0.308692555,0.287008577,0.268818979,0.248871924,0.230261106,0.213437169,0.195635295,0.172733505,0.028775368,0.023575437,0.019767236,0.020085031,0.019365015,0.022943208,0.021649264,0.02282829
0.304112683,0.282482015,0.268388608,0.247634612,0.230927218,0.207000782,0.19359172,0.169101663,0.027367796,0.022750758,0.023781273,0.021459285,0.024303299,0.020669404,0.022024858,0.021464138
0.300579525,0.277637433,0.261795149,0.243391975,0.225144823,0.208580926,0.18635921,0.164208858,0.023785661,0.021370819,0.019816999,0.021621138,0.021107342,0.019485477,0.024927372,0.02136867
0.298056002,0.274776512,0.261382149,0.236888593,0.217877069,0.202066974,0.182076973,0.159600221,0.025386482,0.025219401,0.021930342,0.020241886,0.022166228,0.020813402,0.022528131,0.023058156
0.291599785,0.27074268,0.25344658,0.240162071,0.219492911,0.195446724,0.178779718,0.160909715,0.02425265,0.022306195,0.020239562,0.018407787,0.020469775,0.022153756,0.023254962,0.021441182
0.288447229,0.265409496,0.252332735,0.229937414,0.210843659,0.194077625,0.170204841,0.150652649,0.023572283,0.022410428,0.023567634,0.022836553,0.020207637,0.023010323,0.024967815,0.023299697
0.286783255,0.262600504,0.24377863,0.229727463,0.209786232,0.191040113,0.171571201,0.150100096,0.026793092,0.023343949,0.021091892,0.022620162,0.023349525,0.02037918,0.021597298,0.024332808
0.28406622,0.261267342,0.239126067,0.225268989,0.204296096,0.182618616,0.167008636,0.145965847,0.022372645,0.025630474,0.024836853,0.019308135,0.022756674,0.020882784,0.023794569,0.02254908
0.279811458,0.2583016,0.242540454,0.21888053,0.203440961,0.177015293,0.160959322,0.145117537,0.024461562,0.023104228,0.024526847,0.019608423,0.023277716,0.020631529,0.023722512,0.022331074
0.273463281,0.253256243,0.234611623,0.213546697,0.198348214,0.177264177,0.157139246,0.141588842,0.024020684,0.019853321,0.023448113,0.019827391,0.022253107,0.020994552,0.021876168,0.022085472
0.270688286,0.24707754,0.230985006,0.215390078,0.194545039,0.170228104,0.14946907,0.134611311,0.02531134,0.021759132,0.020486998,0.023791527,0.024534674,0.022392,0.021647114,0.023727321
0.266688026,0.247900558,0.22861572,0.207798138,0.186733827,0.171249651,0.148755555,0.13182272,0.022863814,0.021676512,0.019880594,0.019656397,0.022701949,0.020970222,0.021031556,0.024493349
0.263791489,0.247107172,0.22598354,0.206663278,0.188020745,0.168368554,0.145933019,0.130953139,0.022057128,0.02226167,0.02459196,0.022285217,0.024117775,0.023246311,0.022969568,0.022853347
0.256339581,0.238509927,0.220119552,0.201496458,0.179978295,0.15751401,0.143001241,0.127923756,0.020837988,0.021464556,0.021817041,0.022765031,0.021332584,0.025048656,0.02142005,0.02729858
0.261775687,0.237689312,0.21804445,0.197939462,0.178248229,0.156928974,0.14002133,0.118744838,0.023336487,0.021773311,0.018945278,0.023841493,0.020425844,0.021481444,0.023459003,0.019230869
0.251896981,0.231930825,0.214091433,0.189822355,0.174987909,0.157524867,0.130949734,0.114944661,0.023465304,0.022389921,0.024097964,0.02289701,0.022916355,0.022554644,0.025336652,0.023425776
0.24447104,0.22462473,0.210809007,0.189043848,0.171056428,0.15087507,0.13189527,0.108853162,0.020339774,0.023596399,0.021755347,0.021151883,0.02427894,0.024886795,0.022866082,0.022490396
0.242859717,0.223792443,0.209084647,0.18503306,0.169806156,0.144991922,0.124238759,0.111531811,0.021268589,0.019187247,0.019110492,0.020824699,0.021940027,0.023844383,0.022856655,0.024029877
0.24074293,0.221880844,0.197660391,0.180817421,0.161036053,0.140991836,0.128776181,0.11008986,0.020499213,0.020308036,0.01844343,0.021316341,0.021150873,0.025509925,0.024918145,0.023401306
0.238028275,0.218430694,0.196052049,0.172685415,0.155070904,0.136307304,0.122326393,0.104347452,0.021169351,0.022233596,0.019782892,0.022319805,0.02042931,0.0212523,0.023366594,0.024158354
0.231892853,0.208247254,0.194113177,0.169628731,0.151887622,0.133411775,0.114739011,0.1021014,0.022285851,0.022674901,0.023779172,0.021954832,0.022968812,0.023948389,0.019273249,0.022598109
0.227938734,0.207013851,0.187710802,0.168779035,0.14604245,0.130059063,0.113551851,0.096548022,0.021579325,0.020391517,0.021271111,0.024409544,0.026370229,0.023080623,0.022825688,0.021731531
0.228492787,0.207635308,0.184370647,0.163301038,0.148620828,0.129762058,0.108832006,0.091622221,0.021069562,0.021692055,0.020296493,0.024638969,0.02604051,0.022082858,0.023697011,0.021614291
0.222517176,0.197703335,0.184022282,0.159622154,0.142874619,0.120990166,0.110214731,0.085949619,0.021798814,0.020562201,0.022654458,0.022797593,0.024115099,0.024888821,0.022057239,0.023205399
0.21562897,0.200218218,0.175328131,0.157834386,0.140587144,0.11867647,0.102337243,0.089555184,0.020503958,0.02195051,0.026874557,0.023044967,0.022289726,0.023666041,0.021700299,0.023842292
0.212371466,0.194710936,0.172383222,0.15098067,0.133885974,0.115425672,0.104179065,0.082756239,0.022785624,0.020282306,0.020888383,0.022373691,0.023265188,0.023855918,0.022619308,0.023623378
0.212582924,0.190094808,0.173926263,0.147079007,0.131774504,0.115179078,0.099524112,0.080683039,0.019489337,0.021860773,0.021938497,0.021915424,0.022355089,0.022043913,0.021449188,0.023833315
0.202448792,0.184901029,0.168256971,0.151005445,0.126336279,0.108716143,0.096634843,0.077803154,0.019966356,0.020522608,0.021704411,0.0246776,0.019535613,0.022308574,0.02072513,0.024368426
0.199288385,0.180397229,0.158555361,0.146888449,0.121840083,0.106113037,0.094280755,0.075377137,0.019712044,0.026484082,0.022942909,0.025287385,0.02192354,0.022669604,0.022179071,0.022019116
0.196990713,0.175981256,0.157054436,0.134003055,0.123360806,0.111084304,0.091780792,0.074250766,0.023040838,0.023561116,0.023137143,0.02253447,0.022986219,0.028868665,0.02501138,0.026225603
0.189625306,0.168848847,0.156280633,0.133397236,0.114857941,0.096851387,0.083927922,0.07449436,0.02247973,0.021805225,0.023965949,0.023975397,0.025975767,0.022478884,0.025294489,0.025932864
0.190350995,0.17155848,0.154101521,0.126441607,0.118570683,0.095883031,0.084366756,0.065845021,0.023149257,0.022601652,0.026262416,0.024325352,0.021201829,0.023163424,0.023297915,0.030214405
0.182217651,0.163312254,0.146707109,0.12900713,0.109824997,0.096552294,0.076605616,0.059831469,0.024875205,0.021136065,0.02420787,0.021363163,0.022525791,0.025608939,0.029106833,0.021308526
0.180053975,0.162048845,0.141021235,0.12385692,0.112223971,0.091717218,0.073273217,0.056716302,0.025362655,0.02311111,0.024846325,0.025337678,0.024294636,0.023249599,0.025497032,0.030535144
0.174551289,0.156373445,0.137025416,0.120631281,0.105487258,0.087041428,0.076042881,0.053169527,0.024214448,0.025069293,0.021985653,0.023848713,0.02624483,0.020878726,0.024413818,0.03154491
0.170979959,0.151238551,0.135319449,0.118862811,0.098547315,0.086943371,0.067250433,0.052797496,0.024244596,0.024072902,0.022295986,0.021830871,0.023753427,0.023373172,0.028513083,0.031653668
0.168061694,0.148820465,0.133448339,0.11132081,0.09874714,0.081655423,0.068289256,0.04591584,0.025058935,0.022365887,0.024361615,0.023243902,0.021977654,0.023391268,0.025607742,0.031349879
0.162930517,0.147157065,0.130204536,0.112267993,0.097845915,0.081091647,0.060289874,0.046352687,0.021699855,0.02501017,0.023092865,0.024400742,0.022395923,0.024405256,0.02495674,0.029576447
0.161586147,0.143186589,0.12704277,0.11123107,0.089412006,0.07897082,0.062130317,0.042835435,0.025003897,0.02541312,0.022980559,0.023059722,0.023602415,0.021444685,0.036212098,0.031103444
0.156599621,0.13736925,0.12106853,0.104198358,0.087327714,0.072139111,0.050471791,0.038513342,0.020705802,0.024774233,0.020371033,0.022330464,0.025294894,0.027062859,0.029283437,0.03339517
0.150060823,0.130996325,0.118854677,0.101052795,0.084408672,0.070607738,0.049514111,0.04079871,0.024762016,0.021598369,0.021762667,0.024078021,0.024041573,0.020603644,0.027726863,0.029212182
0.1480826,0.132181051,0.115444501,0.098112178,0.082164344,0.067701318,0.048860541,0.034970744,0.020977598,0.022250453,0.025015883,0.022782438,0.027459945,0.025511484,0.030765883,0.034803432
0.142264195,0.125211421,0.113036627,0.09903219,0.078916031,0.064351806,0.043673426,0.030453961,0.026162694,0.023724919,0.024595326,0.020158007,0.024591067,0.025950322,0.036407034,0.035404582
0.143803616,0.125129877,0.10697339,0.094892988,0.074628321,0.055810101,0.042495993,0.031983847,0.02332538,0.024740957,0.022641812,0.0241479,0.02411491,0.022564916,0.029728286,0.031648725
0.134262564,0.117551691,0.102766253,0.090095392,0.074686041,0.052536374,0.037488904,0.030476676,0.023952334,0.02649284,0.022622782,0.02243541,0.028635756,0.030842847,0.031995312,0.030769762
0.133934528,0.118456694,0.105175772,0.087091089,0.066991897,0.052890183,0.034807594,0.023508471,0.024405607,0.021213583,0.021754186,0.02380148,0.023529515,0.029044163,0.030357356,0.035088767
0.129788779,0.114438476,0.101247227,0.082186435,0.065403063,0.051961963,0.035265769,0.021980765,0.023487524,0.022915405,0.022372416,0.022153981,0.024929872,0.025034377,0.031522616,0.029642756
0.125292299,0.112931953,0.097726855,0.078963525,0.067991094,0.051782396,0.032053227,0.019372327,0.024332879,0.023789058,0.02198154,0.025257667,0.023423417,0.025708648,0.028739388,0.036193432
0.126571711,0.105041591,0.095810037,0.07727428,0.059158748,0.044503383,0.032250082,0.023333186,0.022502579,0.025469258,0.02449001,0.024074882,0.028408568,0.030854302,0.030672349,0.028424301
0.121455054,0.106686621,0.088961779,0.076828293,0.058680027,0.043607105,0.03058161,0.021079102,0.025233577,0.021690608,0.020286517,0.024306279,0.027030949,0.031490107,0.031152131,0.027746639
0.12012498,0.104620567,0.087806917,0.071821391,0.05825694,0.038768177,0.027361251,0.012902337,0.022280207,0.02422134,0.022746965,0.021945475,0.025635729,0.02868997,0.030322802,0.033154469
0.111642126,0.096875482,0.083103273,0.065257632,0.052489653,0.037412996,0.023117429,0.016828514,0.022910466,0.023396588,0.023177942,0.022575012,0.026990774,0.03115713,0.032981441,0.034225545
0.108216143,0.096621316,0.08135046,0.065592752,0.046233362,0.031908509,0.023684116,0.019992797,0.022311814,0.020990636,0.023232224,0.020895596,0.028748492,0.030518792,0.034018474,0.032516706
0.109140839,0.094997668,0.083062327,0.062710014,0.045289963,0.030390866,0.020562424,0.019264652,0.024104012,0.022886365,0.0232304,0.026827433,0.025725811,0.034259245,0.032944531,0.02886552
0.105611305,0.088787676,0.078072456,0.06039757,0.044488041,0.028318156,0.018594356,0.009393959,0.021638892,0.021775755,0.023296924,0.025206769,0.027179236,0.032471214,0.037437945,0.037689556
0.099484819,0.08660223,0.076665017,0.055410764,0.038324312,0.02456976,0.020646313,0.013837814,0.021856091,0.023399585,0.024378735,0.023662083,0.029213359,0.032964018,0.029691284,0.031335015
0.099867611,0.084907479,0.073567644,0.054184241,0.039547269,0.033880447,0.022095758,0.014186563,0.023796537,0.022004763,0.024351977,0.031204764,0.02879715,0.031134585,0.030415549,0.031568112
0.09314503,0.075912353,0.064994264,0.052280483,0.037148211,0.019284865,0.01629479,0.009139347,0.021503565,0.018724286,0.025359396,0.027653014,0.029872961,0.037073198,0.034814206,0.029110626
0.094593533,0.082252715,0.066034216,0.050806954,0.036860764,0.020580988,0.020010271,0.009168795,0.021452097,0.026338207,0.021940789,0.027252604,0.03141069,0.032299796,0.028783039,0.029746266
0.08744331,0.078049442,0.062808996,0.040971918,0.02793687,0.022990962,0.011821948,0.005040097,0.023257123,0.021959772,0.026979305,0.027567453,0.033721651,0.031774954,0.034985021,0.035086842
0.083333966,0.077731265,0.05403897,0.04364808,0.028692043,0.024965839,0.017688965,0.01114976,0.026293626,0.024014833,0.024474287,0.027495137,0.030932004,0.03208754,0.0303151,0.030977172
0.083581018,0.067011332,0.059887509,0.037387202,0.031509678,0.021800483,0.011165177,0.009587395,0.021828054,0.022384613,0.023849822,0.030907946,0.032677306,0.031824913,0.029105652,0.027196483
0.082974985,0.068374013,0.054034124,0.040406116,0.022878248,0.019037303,0.009191229,0.013338936,0.0249446,0.026178523,0.027297366,0.029298804,0.028228227,0.02970601,0.027252757,0.031870197
0.079142751,0.063928922,0.051305835,0.034475038,0.025935501,0.018720222,0.011810133,0.0100772,0.022237572,0.022056327,0.028706515,0.032268747,0.035877212,0.031136972,0.03039489,0.029665709
0.075963941,0.0619875,0.046150297,0.033230869,0.024975038,0.018713001,0.010755642,0.010038834,0.025033548,0.0277692,0.027763477,0.027722681,0.028152389,0.032048141,0.034005705,0.033108828
0.071935128,0.058250551,0.047879359,0.029600268,0.022129725,0.014764101,0.007190562,0.013425792,0.027216338,0.027270074,0.030634664,0.028765611,0.03091817,0.0256454,0.032160773,0.030318511
0.066930422,0.055171656,0.046048996,0.027092987,0.024282682,0.013963626,0.00981674,0.007623244,0.028192352,0.023343579,0.02847575,0.033972524,0.03102156,0.036565274,0.03283038,0.030980577
0.067562595,0.054458113,0.044387192,0.027831744,0.015208471,0.016766631,0.012056857,0.006350902,0.023641479,0.022389079,0.02688508,0.035695149,0.028560862,0.030675931,0.028497114,0.029250165
0.062749608,0.054319656,0.040235405,0.022486841,0.019146924,0.014101221,0.009030875,0.011961238,0.031685752,0.025800029,0.025126877,0.024740987,0.030897991,0.024976794,0.033333785,0.031314135
0.066920927,0.051933504,0.037214276,0.024382658,0.019926384,0.013827433,0.012301543,0.011244923,0.027011599,0.028408236,0.025457064,0.029733933,0.028192815,0.032076356,0.032032067,0.026495905
0.062290452,0.047549213,0.034895604,0.021559752,0.020694121,0.003463623,0.008180661,0.009407266,0.02135909,0.021370429,0.026169172,0.03138448,0.029275516,0.029190695,0.031778168,0.031642258
0.059620917,0.046028961,0.034964094,0.024159581,0.011610154,0.013700016,0.009561913,0.004480804,0.02284597,0.027376014,0.027372604,0.030217774,0.029524433,0.025692821,0.028177494,0.029626548
0.055096051,0.042594813,0.031558667,0.020882197,0.019082623,0.013226417,0.008735835,0.0064159,0.023367819,0.032373347,0.031633604,0.02903592,0.031013794,0.031272661,0.03354216,0.035965663
0.056818532,0.040829461,0.030013328,0.025446116,0.012667242,0.012915022,0.015635908,0.007440162,0.028108044,0.030210721,0.032225351,0.027747986,0.034198659,0.034488343,0.032335485,0.030316432
0.04917658,0.040243531,0.028925693,0.01804456,0.01105687,0.008388445,0.01236274,0.008410982,0.024209296,0.02699818,0.029119432,0.027661834,0.029196581,0.029826398,0.030250858,0.028144326
0.045366953,0.032642508,0.02433619,0.023195766,0.011325023,0.009012466,0.007906865,0.006270444,0.025632548,0.029025263,0.027382628,0.029850243,0.026802919,0.025728132,0.030095338,0.027070925
0.044204667,0.039711574,0.026185927,0.017982652,0.009438791,0.0083156,0.00529167,0.005474222,0.02742754,0.028087819,0.028318278,0.030420386,0.028622027,0.030589146,0.030547964,0.027593035
0.042204158,0.02988368,0.025193128,0.016911155,0.011264258,0.01239731,0.011659049,0.009781812,0.026098945,0.028302674,0.031330989,0.030722707,0.030176005,0.029274111,0.032174175,0.030187297
0.046274548,0.028152549,0.025704765,0.014617919,0.008281148,0.01178666,0.002700005,0.005025461,0.027916637,0.027284046,0.030087358,0.026928271,0.029286562,0.025656148,0.029132522,0.030113006
0.045047313,0.032055722,0.026207539,0.018476102,0.008783766,0.008296829,0.009863938,0.005834894,0.030851334,0.02499446,0.03151201,0.031017798,0.031249121,0.031590801,0.027420596,0.026479706
0.036469687,0.029873489,0.021588274,0.008573753,0.007812838,0.010559053,0.002307219,0.007534104,0.027119535,0.033374785,0.025717106,0.026015448,0.027184136,0.028952125,0.033326114,0.029783848
0.031927602,0.031371455,0.025247261,0.018251451,0.007939969,0.013953263,0.010949238,0.00176089,0.027179806,0.030090243,0.027434368,0.030632051,0.030532428,0.026785218,0.028075014,0.026820428
0.040013169,0.034262698,0.021977609,0.013215529,0.008978212,0.008818329,0.00834159,0.005518165,0.023557539,0.026910145,0.031137421,0.031993271,0.033707634,0.032680654,0.025529938,0.028549127
0.038985199,0.028945212,0.018235625,0.012010952,0.009438848,0.00491963,0.00700568,0.003757811,0.028120626,0.027789845,0.030560083,0.029373663,0.030100212,0.030042105,0.030669514,0.031246514
0.031843805,0.024501379,0.019959805,0.005097066,0.00585928,0.004575574,0.013414601,0.006904991,0.035266542,0.026452823,0.027001072,0.032722253,0.034593471,0.029862219,0.028279919,0.029490964
0.03410119,0.01949743,0.021254794,0.01198286,0.007826274,0.012315078,0.00342825,0.004047567,0.027107101,0.030545328,0.032477706,0.028410294,0.026657698,0.030286418,0.031430601,0.031764994
0.02756277,0.023097232,0.018777896,0.010342693,0.010908065,0.008072663,0.001600418,0.003703399,0.028256942,0.030221542,0.02848077,0.029783757,0.031611031,0.027157164,0.031269508,0.027101315
0.029174088,0.02000357,0.019705797,0.006124441,0.005801438,0.00477614,0.00650436,0.004996174,0.029194131,0.033108043,0.029315644,0.030768756,0.032134953,0.030878772,0.029252389,0.031999439
0.031531607,0.023830426,0.014995603,0.0094554,0.005302476,0.004409327,-0.001648086,0.002868719,0.026556399,0.028097384,0.028109423,0.028340334,0.027092158,0.030470119,0.029387729,0.025051999
0.029024001,0.018462265,0.019450138,0.012945933,0.009506678,0.006327602,0.005956073,0.002754628,0.024891502,0.027500686,0.026369424,0.029373044,0.033392945,0.025478507,0.026223937,0.027610753
0.025267178,0.021813696,0.016326735,0.011546471,0.005866331,0.008079434,0.005520986,-0.002842158,0.031618175,0.024184442,0.027841087,0.031364042,0.025701098,0.028343773,0.027031759,0.028941399
0.027761827,0.012032235,0.009516146,0.010285816,0.009860934,0.005246871,0.008540962,0.009930594,0.027412991,0.032791529,0.029864105,0.029596262,0.029433633,0.030584176,0.027828919,0.027637953
0.018430565,0.018844461,0.016704412,0.017232487,0.008848381,0.005914424,0.005330422,0.008041314,0.025291936,0.02803923,0.028198942,0.028343131,0.027287998,0.023972981,0.027716922,0.028612304
0.024530327,0.016118599,0.010271037,0.00518584,0.003520152,0.003665914,0.005587477,0.005325776,0.02508097,0.027475409,0.026713385,0.029379259,0.033134351,0.031904329,0.027056791,0.026947209
0.02692095,0.012954499,0.011813183,0.006721428,0.011314156,0.008591295,0.000455676,0.00258221,0.029305881,0.031471382,0.032211259,0.033604424,0.030054012,0.030276587,0.034018079,0.027799586
0.022666195,0.011011326,0.010115948,0.010682466,0.008895408,0.009161842,0.008605253,0.007251968,0.029814877,0.029895471,0.030786178,0.031769098,0.028352245,0.029642169,0.026836567,0.029519562
0.020469776,0.01925056,0.010393678,0.007639955,0.013206185,0.000478011,0.007588484,0.00300582,0.025936053,0.029775737,0.029419359,0.03214434,0.024169739,0.026170671,0.025772993,0.029135266